Scores,
0,1299
1,0.807981299
2,0.686785429
3,0.161097852
4,0.205775656
